variant,base_variant,split_id,experiment_group,history_strategy,freq_strategy,deploy_context_mode,time_bin,model_bce,global_bce,pattern_bce,improvement_vs_pattern
task2_best_C4_bits_H24_GRU2_freqRBF16,task2_best_C4_bits_H24_GRU2_freqRBF16,random,single_best,H24_D64_embedding_layers2,direct_rbf16_plus_context,z_window_summary,0,1.0013656719820574e-05,1.0013611245085484e-05,1.0013611245085484e-05,-4.541292244689912e-06
task2_best_C4_bits_H24_GRU2_freqRBF16,task2_best_C4_bits_H24_GRU2_freqRBF16,random,single_best,H24_D64_embedding_layers2,direct_rbf16_plus_context,z_window_summary,1,1.0013612154580189e-05,1.0013611245085484e-05,1.0013611245085484e-05,-9.082584489379824e-08
task2_best_C4_bits_H24_GRU2_freqRBF16,task2_best_C4_bits_H24_GRU2_freqRBF16,random,single_best,H24_D64_embedding_layers2,direct_rbf16_plus_context,z_window_summary,2,1.0013661267294084e-05,1.0013611245085484e-05,1.0013611245085484e-05,-4.995421469158904e-06
task2_best_C4_bits_H24_GRU2_freqRBF16,task2_best_C4_bits_H24_GRU2_freqRBF16,random,single_best,H24_D64_embedding_layers2,direct_rbf16_plus_context,z_window_summary,3,1.0013661267294084e-05,1.0013611245085484e-05,1.0013611245085484e-05,-4.995421469158904e-06
task2_best_C4_bits_H24_GRU2_freqRBF16,task2_best_C4_bits_H24_GRU2_freqRBF16,random,single_best,H24_D64_embedding_layers2,direct_rbf16_plus_context,z_window_summary,4,1.0013624887506012e-05,1.0013611245085484e-05,1.0013611245085484e-05,-1.3623876734069736e-06
task2_best_C4_bits_H24_GRU2_freqRBF16,task2_best_C4_bits_H24_GRU2_freqRBF16,random,single_best,H24_D64_embedding_layers2,direct_rbf16_plus_context,z_window_summary,5,1.0013815881393384e-05,1.0013611245085484e-05,1.0013611245085484e-05,-2.0435815101104607e-05
task2_best_C4_bits_H24_GRU2_freqRBF16,task2_best_C4_bits_H24_GRU2_freqRBF16,random,single_best,H24_D64_embedding_layers2,direct_rbf16_plus_context,z_window_summary,6,0.0894572436809539,0.1059556975960731,0.0969140753149986,0.0769427104350714
task2_best_C4_bits_H24_GRU2_freqRBF16,task2_best_C4_bits_H24_GRU2_freqRBF16,random,single_best,H24_D64_embedding_layers2,direct_rbf16_plus_context,z_window_summary,7,0.102126307785511,0.1216774061322212,0.1112661957740783,0.0821443379544092
task2_best_C4_bits_H24_GRU2_freqRBF16,task2_best_C4_bits_H24_GRU2_freqRBF16,random,single_best,H24_D64_embedding_layers2,direct_rbf16_plus_context,z_window_summary,8,0.0973764881491661,0.1151909083127975,0.1061629280447959,0.0827637298391242
task2_best_C4_bits_H24_GRU2_freqRBF16,task2_best_C4_bits_H24_GRU2_freqRBF16,random,single_best,H24_D64_embedding_layers2,direct_rbf16_plus_context,z_window_summary,9,0.0941209495067596,0.1103318557143211,0.1017462909221649,0.0749446623193232
task2_best_C4_bits_H24_GRU2_freqRBF16,task2_best_C4_bits_H24_GRU2_freqRBF16,random,single_best,H24_D64_embedding_layers2,direct_rbf16_plus_context,z_window_summary,10,0.093264065682888,0.1100642383098602,0.1015111431479454,0.0812430754822436
task2_best_C4_bits_H24_GRU2_freqRBF16,task2_best_C4_bits_H24_GRU2_freqRBF16,random,single_best,H24_D64_embedding_layers2,direct_rbf16_plus_context,z_window_summary,11,0.0942155048251152,0.1107920482754707,0.1022150665521621,0.0782620605443195
task2_best_C4_bits_H24_GRU2_freqRBF16,task2_best_C4_bits_H24_GRU2_freqRBF16,random,single_best,H24_D64_embedding_layers2,direct_rbf16_plus_context,z_window_summary,12,0.0919130593538284,0.1074946820735931,0.0994698926806449,0.0759710614253731
task2_best_C4_bits_H24_GRU2_freqRBF16,task2_best_C4_bits_H24_GRU2_freqRBF16,random,single_best,H24_D64_embedding_layers2,direct_rbf16_plus_context,z_window_summary,13,0.0882209315896034,0.1023527011275291,0.0949720740318298,0.0710855534224067
task2_best_C4_bits_H24_GRU2_freqRBF16,task2_best_C4_bits_H24_GRU2_freqRBF16,random,single_best,H24_D64_embedding_layers2,direct_rbf16_plus_context,z_window_summary,14,0.08378816395998,0.0975906178355217,0.0905114486813545,0.0742810420043527
task2_best_C4_bits_H24_GRU2_freqRBF16,task2_best_C4_bits_H24_GRU2_freqRBF16,random,single_best,H24_D64_embedding_layers2,direct_rbf16_plus_context,z_window_summary,15,0.0809968262910842,0.0937287360429763,0.0870565176010131,0.069606406009725
task2_best_C4_bits_H24_GRU2_freqRBF16,task2_best_C4_bits_H24_GRU2_freqRBF16,random,single_best,H24_D64_embedding_layers2,direct_rbf16_plus_context,z_window_summary,16,0.0776105597615242,0.0891378372907638,0.0830342769622802,0.0653190152209055
task2_best_C4_bits_H24_GRU2_freqRBF16,task2_best_C4_bits_H24_GRU2_freqRBF16,random,single_best,H24_D64_embedding_layers2,direct_rbf16_plus_context,z_window_summary,17,0.075236827135086,0.0858834832906723,0.0802299827337265,0.0622355312628212
task2_best_C4_bits_H24_GRU2_freqRBF16,task2_best_C4_bits_H24_GRU2_freqRBF16,random,single_best,H24_D64_embedding_layers2,direct_rbf16_plus_context,z_window_summary,18,0.0740448236465454,0.0845251902937889,0.0788681656122207,0.0611570197966918
task2_best_C4_bits_H24_GRU2_freqRBF16,task2_best_C4_bits_H24_GRU2_freqRBF16,random,single_best,H24_D64_embedding_layers2,direct_rbf16_plus_context,z_window_summary,19,0.0712991133332252,0.0815570801496505,0.0760298892855644,0.0622225811032108
task2_best_C4_bits_H24_GRU2_freqRBF16,task2_best_C4_bits_H24_GRU2_freqRBF16,random,single_best,H24_D64_embedding_layers2,direct_rbf16_plus_context,z_window_summary,20,0.068796120584011,0.078806884586811,0.0736471340060234,0.0658683258688054
task2_best_C4_bits_H24_GRU2_freqRBF16,task2_best_C4_bits_H24_GRU2_freqRBF16,random,single_best,H24_D64_embedding_layers2,direct_rbf16_plus_context,z_window_summary,21,0.0669611617922782,0.0770934075117111,0.0720775052905082,0.0709839148512225
task2_best_C4_bits_H24_GRU2_freqRBF16,task2_best_C4_bits_H24_GRU2_freqRBF16,random,single_best,H24_D64_embedding_layers2,direct_rbf16_plus_context,z_window_summary,22,0.0643533021211624,0.0738375484943389,0.0691078454256057,0.0687988936011845
task2_best_C4_bits_H24_GRU2_freqRBF16,task2_best_C4_bits_H24_GRU2_freqRBF16,random,single_best,H24_D64_embedding_layers2,direct_rbf16_plus_context,z_window_summary,23,0.0610515512526035,0.0694375485181808,0.0652079656720161,0.0637409000047417
task2_best_C4_bits_H24_GRU2_freqRBF16,task2_best_C4_bits_H24_GRU2_freqRBF16,random,single_best,H24_D64_embedding_layers2,direct_rbf16_plus_context,z_window_summary,24,0.057433009147644,0.0657095834612846,0.0615067519247531,0.0662324484650551
task2_best_C4_bits_H24_GRU2_freqRBF16,task2_best_C4_bits_H24_GRU2_freqRBF16,random,single_best,H24_D64_embedding_layers2,direct_rbf16_plus_context,z_window_summary,25,0.0537087582051754,0.0612049922347068,0.057654894888401,0.0684440877199398
task2_best_C4_bits_H24_GRU2_freqRBF16,task2_best_C4_bits_H24_GRU2_freqRBF16,random,single_best,H24_D64_embedding_layers2,direct_rbf16_plus_context,z_window_summary,26,0.0504707843065261,0.0570094734430313,0.0539357885718345,0.0642431372018136
task2_best_C4_bits_H24_GRU2_freqRBF16,task2_best_C4_bits_H24_GRU2_freqRBF16,random,single_best,H24_D64_embedding_layers2,direct_rbf16_plus_context,z_window_summary,27,0.0478096231818199,0.053995955735445,0.0509625822305679,0.061868117955311
task2_best_C4_bits_H24_GRU2_freqRBF16,task2_best_C4_bits_H24_GRU2_freqRBF16,random,single_best,H24_D64_embedding_layers2,direct_rbf16_plus_context,z_window_summary,28,0.0464482754468917,0.0521809943020343,0.0492715276777744,0.0572998720345374
task2_best_C4_bits_H24_GRU2_freqRBF16,task2_best_C4_bits_H24_GRU2_freqRBF16,random,single_best,H24_D64_embedding_layers2,direct_rbf16_plus_context,z_window_summary,29,0.0449237152934074,0.0506976023316383,0.047980647534132,0.0637117754309162
task2_best_C4_bits_H24_GRU2_freqRBF16,task2_best_C4_bits_H24_GRU2_freqRBF16,random,single_best,H24_D64_embedding_layers2,direct_rbf16_plus_context,z_window_summary,30,0.0413719788193702,0.0466472171247005,0.0442362837493419,0.0647501256254217
task2_best_C4_bits_H24_GRU2_freqRBF16,task2_best_C4_bits_H24_GRU2_freqRBF16,random,single_best,H24_D64_embedding_layers2,direct_rbf16_plus_context,z_window_summary,31,0.0396641939878463,0.0446349792182445,0.0423690378665924,0.0638401062413262
task2_best_C4_bits_H24_GRU2_freqRBF16,task2_best_C4_bits_H24_GRU2_freqRBF16,random,single_best,H24_D64_embedding_layers2,direct_rbf16_plus_context,z_window_summary,32,0.0376065261662006,0.0418919660151004,0.0398689545691013,0.0567466197032939
task2_best_C4_bits_H24_GRU2_freqRBF16,task2_best_C4_bits_H24_GRU2_freqRBF16,random,single_best,H24_D64_embedding_layers2,direct_rbf16_plus_context,z_window_summary,33,0.0347154103219509,0.0385941267013549,0.0368568673729896,0.0581019821724755
task2_best_C4_bits_H24_GRU2_freqRBF16,task2_best_C4_bits_H24_GRU2_freqRBF16,random,single_best,H24_D64_embedding_layers2,direct_rbf16_plus_context,z_window_summary,34,0.0344454236328601,0.0382915437221527,0.0367644727230072,0.0630785352919194
task2_best_C4_bits_H24_GRU2_freqRBF16,task2_best_C4_bits_H24_GRU2_freqRBF16,random,single_best,H24_D64_embedding_layers2,direct_rbf16_plus_context,z_window_summary,35,0.0324107035994529,0.0357758477330207,0.0344413481652736,0.0589594970579038
task2_best_C4_bits_H24_GRU2_freqRBF16,task2_best_C4_bits_H24_GRU2_freqRBF16,random,single_best,H24_D64_embedding_layers2,direct_rbf16_plus_context,z_window_summary,36,0.0306170508265495,0.0338943675160408,0.0326374471187591,0.0619042379404838
task2_best_C4_bits_H24_GRU2_freqRBF16,task2_best_C4_bits_H24_GRU2_freqRBF16,random,single_best,H24_D64_embedding_layers2,direct_rbf16_plus_context,z_window_summary,37,0.0299540646374225,0.0330451428890228,0.0318527109920978,0.059607056841922
task2_best_C4_bits_H24_GRU2_freqRBF16,task2_best_C4_bits_H24_GRU2_freqRBF16,random,single_best,H24_D64_embedding_layers2,direct_rbf16_plus_context,z_window_summary,38,0.0295112337917089,0.0325988605618476,0.03162282705307,0.0667743354450063
task2_best_C4_bits_H24_GRU2_freqRBF16,task2_best_C4_bits_H24_GRU2_freqRBF16,random,single_best,H24_D64_embedding_layers2,direct_rbf16_plus_context,z_window_summary,39,0.0276415683329105,0.0304827410727739,0.0296221654862165,0.0668619974534811
task2_best_C4_bits_H24_GRU2_freqRBF16,task2_best_C4_bits_H24_GRU2_freqRBF16,random,single_best,H24_D64_embedding_layers2,direct_rbf16_plus_context,z_window_summary,40,0.0260944999754428,0.0285458173602819,0.0278194900602102,0.0620065314293653
task2_best_C4_bits_H24_GRU2_freqRBF16,task2_best_C4_bits_H24_GRU2_freqRBF16,random,single_best,H24_D64_embedding_layers2,direct_rbf16_plus_context,z_window_summary,41,0.0238154008984565,0.0256644021719694,0.0250032283365726,0.0475069627860262
task2_best_C4_bits_H24_GRU2_freqRBF16,task2_best_C4_bits_H24_GRU2_freqRBF16,random,single_best,H24_D64_embedding_layers2,direct_rbf16_plus_context,z_window_summary,42,0.0225737653672695,0.0243457686156034,0.0238063503056764,0.051775468418317
task2_best_C4_bits_H24_GRU2_freqRBF16,task2_best_C4_bits_H24_GRU2_freqRBF16,random,single_best,H24_D64_embedding_layers2,direct_rbf16_plus_context,z_window_summary,43,0.0218290332704782,0.0235303696244955,0.023064324632287,0.0535585316935546
task2_best_C4_bits_H24_GRU2_freqRBF16,task2_best_C4_bits_H24_GRU2_freqRBF16,random,single_best,H24_D64_embedding_layers2,direct_rbf16_plus_context,z_window_summary,44,0.020847663283348,0.0220046080648899,0.0216639917343854,0.0376813498198356
task2_best_C4_bits_H24_GRU2_freqRBF16,task2_best_C4_bits_H24_GRU2_freqRBF16,random,single_best,H24_D64_embedding_layers2,direct_rbf16_plus_context,z_window_summary,45,0.0197683218866586,0.0207894723862409,0.0204793233424425,0.0347180150386279
task2_best_C4_bits_H24_GRU2_freqRBF16,task2_best_C4_bits_H24_GRU2_freqRBF16,random,single_best,H24_D64_embedding_layers2,direct_rbf16_plus_context,z_window_summary,46,0.0186954960227012,0.0197620913386344,0.0195211563259363,0.0422956657612571
task2_best_C4_bits_H24_GRU2_freqRBF16,task2_best_C4_bits_H24_GRU2_freqRBF16,random,single_best,H24_D64_embedding_layers2,direct_rbf16_plus_context,z_window_summary,47,0.0186832379549741,0.0196702014654874,0.0195379685610532,0.0437471584319625
task2_best_C4_bits_H24_GRU2_freqRBF16,task2_best_C4_bits_H24_GRU2_freqRBF16,random,single_best,H24_D64_embedding_layers2,direct_rbf16_plus_context,z_window_summary,48,0.0181354377418756,0.0190273709595203,0.0190087389200925,0.0459420891563637
task2_best_C4_bits_H24_GRU2_freqRBF16,task2_best_C4_bits_H24_GRU2_freqRBF16,random,single_best,H24_D64_embedding_layers2,direct_rbf16_plus_context,z_window_summary,49,0.0168572440743446,0.0177314840257167,0.0177509281784296,0.0503457675622251
task2_best_C4_bits_H24_GRU2_freqRBF16,task2_best_C4_bits_H24_GRU2_freqRBF16,random,single_best,H24_D64_embedding_layers2,direct_rbf16_plus_context,z_window_summary,50,0.0169039275497198,0.0176431536674499,0.0176910683512687,0.0444936838137593
task2_best_C4_bits_H24_GRU2_freqRBF16,task2_best_C4_bits_H24_GRU2_freqRBF16,random,single_best,H24_D64_embedding_layers2,direct_rbf16_plus_context,z_window_summary,51,0.0154200382530689,0.0158775895833969,0.0159638915210962,0.0340677125817727
task2_best_C4_bits_H24_GRU2_freqRBF16,task2_best_C4_bits_H24_GRU2_freqRBF16,random,single_best,H24_D64_embedding_layers2,direct_rbf16_plus_context,z_window_summary,52,0.014927240088582,0.0152209484949707,0.0153410723432898,0.0269754450958457
task2_best_C4_bits_H24_GRU2_freqRBF16,task2_best_C4_bits_H24_GRU2_freqRBF16,random,single_best,H24_D64_embedding_layers2,direct_rbf16_plus_context,z_window_summary,53,0.0145255448296666,0.0147704286500811,0.0148711586371064,0.0232405433815648
task2_best_C4_bits_H24_GRU2_freqRBF16,task2_best_C4_bits_H24_GRU2_freqRBF16,random,single_best,H24_D64_embedding_layers2,direct_rbf16_plus_context,z_window_summary,54,0.0145587371662259,0.0147408386692404,0.014851483516395,0.0197115897442843
task2_best_C4_bits_H24_GRU2_freqRBF16,task2_best_C4_bits_H24_GRU2_freqRBF16,random,single_best,H24_D64_embedding_layers2,direct_rbf16_plus_context,z_window_summary,55,0.0138789825141429,0.0138794612139463,0.0140348747372627,0.0111074894531007
task2_best_C4_bits_H24_GRU2_freqRBF16,task2_best_C4_bits_H24_GRU2_freqRBF16,random,single_best,H24_D64_embedding_layers2,direct_rbf16_plus_context,z_window_summary,56,0.0134137775748968,0.0133102945983409,0.0135312546044588,0.0086819022327231
task2_best_C4_bits_H24_GRU2_freqRBF16,task2_best_C4_bits_H24_GRU2_freqRBF16,random,single_best,H24_D64_embedding_layers2,direct_rbf16_plus_context,z_window_summary,57,0.0135420886799693,0.0135555071756243,0.0137571366503834,0.0156317390660045
task2_best_C4_bits_H24_GRU2_freqRBF16,task2_best_C4_bits_H24_GRU2_freqRBF16,random,single_best,H24_D64_embedding_layers2,direct_rbf16_plus_context,z_window_summary,58,0.0141098462045192,0.0141562819480896,0.0143497856333851,0.0167207674731867
task2_best_C4_bits_H24_GRU2_freqRBF16,task2_best_C4_bits_H24_GRU2_freqRBF16,random,single_best,H24_D64_embedding_layers2,direct_rbf16_plus_context,z_window_summary,59,0.0133474981412291,0.013395887799561,0.0136665273457765,0.0233438383047612
task2_best_C4_bits_H24_GRU2_freqRBF16,task2_best_C4_bits_H24_GRU2_freqRBF16,random,single_best,H24_D64_embedding_layers2,direct_rbf16_plus_context,z_window_summary,60,0.0133267259225249,0.0132775176316499,0.0135809415951371,0.0187185601846057
task2_best_C4_bits_H24_GRU2_freqRBF16,task2_best_C4_bits_H24_GRU2_freqRBF16,random,single_best,H24_D64_embedding_layers2,direct_rbf16_plus_context,z_window_summary,61,0.0130628766492009,0.0129865072667598,0.0132138086482882,0.011422293382982
task2_best_C4_bits_H24_GRU2_freqRBF16,task2_best_C4_bits_H24_GRU2_freqRBF16,random,single_best,H24_D64_embedding_layers2,direct_rbf16_plus_context,z_window_summary,62,0.0123378932476043,0.0122048584744334,0.0124438637867569,0.0085158871045662
task2_best_C4_bits_H24_GRU2_freqRBF16,task2_best_C4_bits_H24_GRU2_freqRBF16,random,single_best,H24_D64_embedding_layers2,direct_rbf16_plus_context,z_window_summary,63,0.0122248921543359,0.0120524037629365,0.0123343858867883,0.0088771126067714
task2_best_C4_bits_H24_GRU2_freqRBF16,task2_best_C4_bits_H24_GRU2_freqRBF16,random,single_best,H24_D64_embedding_layers2,direct_rbf16_plus_context,z_window_summary,64,0.0118445372208952,0.0117601919919252,0.0119752679020166,0.0109167228817765
task2_best_C4_bits_H24_GRU2_freqRBF16,task2_best_C4_bits_H24_GRU2_freqRBF16,random,single_best,H24_D64_embedding_layers2,direct_rbf16_plus_context,z_window_summary,65,0.0112568428739905,0.0112899905070662,0.011569382622838,0.0270143843484378
task2_best_C4_bits_H24_GRU2_freqRBF16,task2_best_C4_bits_H24_GRU2_freqRBF16,random,single_best,H24_D64_embedding_layers2,direct_rbf16_plus_context,z_window_summary,66,0.0117000574246048,0.0116807874292135,0.011929721571505,0.0192514255696247
task2_best_C4_bits_H24_GRU2_freqRBF16,task2_best_C4_bits_H24_GRU2_freqRBF16,random,single_best,H24_D64_embedding_layers2,direct_rbf16_plus_context,z_window_summary,67,0.0110968640074133,0.0112502742558717,0.0114816669374704,0.0335145525604164
task2_best_C4_bits_H24_GRU2_freqRBF16,task2_best_C4_bits_H24_GRU2_freqRBF16,random,single_best,H24_D64_embedding_layers2,direct_rbf16_plus_context,z_window_summary,68,0.0114025045186281,0.0115080010145902,0.0118524860590696,0.0379651609121432
task2_best_C4_bits_H24_GRU2_freqRBF16,task2_best_C4_bits_H24_GRU2_freqRBF16,random,single_best,H24_D64_embedding_layers2,direct_rbf16_plus_context,z_window_summary,69,0.0110208829864859,0.0111203417181968,0.0113677438348531,0.0305127256038044
task2_best_C4_bits_H24_GRU2_freqRBF16,task2_best_C4_bits_H24_GRU2_freqRBF16,random,single_best,H24_D64_embedding_layers2,direct_rbf16_plus_context,z_window_summary,70,0.0111274719238281,0.011045797728002,0.0114268269389867,0.026197562696718
task2_best_C4_bits_H24_GRU2_freqRBF16,task2_best_C4_bits_H24_GRU2_freqRBF16,random,single_best,H24_D64_embedding_layers2,direct_rbf16_plus_context,z_window_summary,71,0.0107308095321059,0.0107590574771165,0.0110414829105138,0.028136925169003
task2_best_C4_bits_H24_GRU2_freqRBF16,task2_best_C4_bits_H24_GRU2_freqRBF16,random,single_best,H24_D64_embedding_layers2,direct_rbf16_plus_context,z_window_summary,72,0.0108957150951027,0.0108558302745223,0.0111519591882824,0.0229774955999607
task2_best_C4_bits_H24_GRU2_freqRBF16,task2_best_C4_bits_H24_GRU2_freqRBF16,random,single_best,H24_D64_embedding_layers2,direct_rbf16_plus_context,z_window_summary,73,0.0106989303603768,0.0107158469036221,0.0110052479431033,0.0278337738786193
task2_best_C4_bits_H24_GRU2_freqRBF16,task2_best_C4_bits_H24_GRU2_freqRBF16,random,single_best,H24_D64_embedding_layers2,direct_rbf16_plus_context,z_window_summary,74,0.0104938745498657,0.0106242271140217,0.0110329445451498,0.0488600294398344
task2_best_C4_bits_H24_GRU2_freqRBF16,task2_best_C4_bits_H24_GRU2_freqRBF16,random,single_best,H24_D64_embedding_layers2,direct_rbf16_plus_context,z_window_summary,75,0.0098495418205857,0.0098618594929575,0.0100910197943449,0.0239299871252359
task2_best_C4_bits_H24_GRU2_freqRBF16,task2_best_C4_bits_H24_GRU2_freqRBF16,random,single_best,H24_D64_embedding_layers2,direct_rbf16_plus_context,z_window_summary,76,0.0101190330460667,0.0101509438827633,0.0104265762493014,0.0294960872947414
task2_best_C4_bits_H24_GRU2_freqRBF16,task2_best_C4_bits_H24_GRU2_freqRBF16,random,single_best,H24_D64_embedding_layers2,direct_rbf16_plus_context,z_window_summary,77,0.0097099523991346,0.0098263164982199,0.0100963301956653,0.038269132352328
task2_best_C4_bits_H24_GRU2_freqRBF16,task2_best_C4_bits_H24_GRU2_freqRBF16,random,single_best,H24_D64_embedding_layers2,direct_rbf16_plus_context,z_window_summary,78,0.0106391264125704,0.0107524218037724,0.0110775679349899,0.0395792221715543
task2_best_C4_bits_H24_GRU2_freqRBF16,task2_best_C4_bits_H24_GRU2_freqRBF16,random,single_best,H24_D64_embedding_layers2,direct_rbf16_plus_context,z_window_summary,79,0.0106004951521754,0.0106128063052892,0.0109360972419381,0.030687555380882
